Temperature,Pressure,TimeSec,AdditivePct,PreheatMin,CoolRate,LineId,Humidity,QualityResult
186.27,2.318,43.2,2.961,17.7,1.571,L1,40.4,NG
167.44,2.693,47.0,2.196,14.4,1.906,L1,38.2,OK
192.51,2.232,53.2,3.492,15.9,2.268,L1,51.1,NG
195.17,2.425,41.1,2.161,21.2,2.059,L1,51.4,NG
154.69,1.482,50.2,2.154,18.0,1.84,L1,59.6,OK
163.77,2.183,42.3,2.979,19.7,1.83,L2,57.9,OK
183.79,1.905,43.8,3.134,21.4,1.815,L3,46.8,NG
177.57,1.773,53.3,2.914,16.1,1.748,L2,36.8,OK
181.76,1.893,25.1,1.42,21.8,3.013,L2,45.1,OK
170.06,2.083,32.0,2.977,19.9,2.219,L1,50.0,OK
194.31,2.521,30.2,1.876,11.8,2.455,L3,46.2,NG
192.89,1.736,21.7,2.765,25.2,1.904,L2,42.8,NG
182.92,2.211,38.2,1.603,15.5,2.026,L3,50.3,OK
197.78,2.031,52.5,2.912,9.7,1.815,L3,43.5,NG
188.55,2.085,42.2,2.035,12.8,1.039,L1,42.3,NG
169.97,2.551,47.0,1.702,12.9,1.549,L1,50.8,OK
187.16,2.388,55.9,3.1,18.3,1.376,L1,44.4,NG
168.58,2.668,58.3,2.769,16.6,1.2,L2,50.2,OK
194.3,2.146,44.3,2.17,16.3,1.622,L3,50.5,NG
181.3,1.956,58.5,3.616,21.1,2.63,L1,37.7,NG
179.41,2.122,45.9,2.292,19.7,2.082,L3,43.7,OK
172.47,2.285,36.6,2.622,19.6,2.616,L2,60.9,OK
199.12,2.262,39.1,2.788,20.0,2.264,L1,37.5,NG
179.84,1.82,30.2,2.166,21.1,2.413,L1,29.0,OK
176.0,2.232,36.1,2.93,7.5,1.74,L2,31.2,OK
177.07,2.28,41.4,2.227,16.2,2.31,L2,48.3,OK
189.45,3.081,53.0,2.312,7.1,2.391,L2,48.3,NG
187.12,2.857,62.2,3.554,18.2,1.869,L1,46.9,NG
187.78,1.901,31.2,1.872,18.0,2.324,L2,58.9,NG
188.03,2.099,48.9,0.911,23.2,2.326,L1,23.9,NG
211.98,1.688,34.6,3.728,23.9,1.88,L3,51.6,NG
176.31,1.993,49.7,4.385,19.0,1.651,L1,62.1,OK
174.83,2.31,43.7,2.316,15.5,1.626,L1,37.8,OK
170.61,2.622,26.7,1.244,20.4,2.135,L2,44.6,OK
190.62,1.945,54.3,2.383,15.4,2.231,L2,41.2,NG
197.81,1.971,38.9,2.4,18.0,1.783,L2,40.0,NG
180.4,1.448,39.7,2.467,22.9,2.111,L2,45.1,OK
170.24,2.143,34.3,1.821,15.2,2.328,L3,60.8,OK
170.46,,38.5,3.006,22.0,2.347,L2,64.5,OK
191.11,2.015,49.3,2.967,21.4,2.721,L2,45.0,NG
192.41,1.893,43.1,1.554,13.2,2.611,L2,65.1,NG
189.6,2.167,48.3,3.089,22.9,1.699,L1,48.3,NG
172.68,1.585,48.6,4.037,21.5,2.773,L2,63.8,OK
185.25,1.687,58.2,2.72,18.5,1.888,L1,47.2,NG
183.63,2.945,41.6,2.364,14.2,2.518,L2,49.2,OK
185.06,1.749,30.2,2.501,13.7,2.127,L1,51.3,NG
194.2,1.816,55.7,3.031,15.3,1.935,L3,76.6,NG
185.13,2.843,41.7,1.389,20.7,1.377,L2,55.7,NG
191.5,3.217,56.1,2.715,13.2,2.031,L3,41.6,NG
182.95,1.79,48.8,2.327,20.2,1.476,L2,56.7,OK
186.05,2.071,43.7,3.893,11.8,2.487,L1,44.7,NG
190.84,2.32,48.5,2.478,17.0,2.707,L3,43.6,NG
161.6,2.805,64.5,3.768,18.5,1.781,L2,56.2,OK
177.52,1.855,65.8,1.827,30.2,2.221,L3,48.3,OK
175.41,2.114,45.7,3.011,11.1,1.81,L2,50.5,OK
173.06,2.472,46.6,2.824,25.4,1.849,L2,48.1,OK
178.15,2.352,55.8,1.992,18.7,2.41,L3,51.0,OK
202.93,2.068,36.5,2.724,20.1,2.085,L2,51.8,NG
169.88,2.153,48.3,3.449,18.6,2.796,L1,30.6,OK
195.56,1.719,44.7,2.373,20.2,1.907,L2,54.0,NG
158.44,2.117,48.1,1.416,17.2,2.5,L2,39.2,OK
177.31,,36.7,2.588,25.3,2.139,L3,35.0,OK
184.28,2.281,29.1,1.968,15.7,2.418,L1,47.5,OK
190.21,2.006,24.3,2.36,23.7,1.921,L2,48.8,NG
191.96,2.365,33.8,2.543,,2.08,L3,41.8,NG
193.11,2.554,40.4,1.406,17.7,2.054,L2,55.5,NG
177.12,2.254,42.1,1.469,12.6,1.766,L2,35.9,OK
175.53,2.323,64.4,2.937,20.3,2.365,L2,44.3,OK
194.01,2.219,56.1,2.234,25.2,2.36,L1,42.7,NG
179.32,2.2,35.4,0.805,17.6,2.337,L2,47.6,OK
164.14,1.947,48.5,3.149,17.0,2.715,L1,50.5,OK
166.13,2.311,40.9,2.791,12.4,2.68,L1,38.9,OK
169.13,2.166,42.2,2.1,16.9,1.95,L2,54.5,OK
188.96,2.933,46.9,1.678,10.0,2.249,L2,48.6,NG
183.99,2.751,51.2,3.185,13.4,1.851,L3,31.0,NG
191.67,2.335,41.6,2.845,19.1,2.109,L1,30.4,NG
176.02,1.933,55.6,4.268,24.6,1.86,L1,47.9,NG
184.22,1.811,33.6,,32.0,2.748,L3,46.0,NG
190.76,2.617,,2.871,15.1,2.245,L1,47.1,NG
177.67,2.292,71.0,2.483,25.2,2.013,L1,47.7,NG
188.39,2.368,47.2,3.172,19.2,2.577,L1,50.0,NG
172.73,1.589,59.3,3.038,17.2,1.232,L2,56.5,OK
176.92,2.525,45.9,3.476,20.2,1.294,L3,38.0,OK
176.66,2.359,50.8,2.235,18.3,2.418,L2,37.5,OK
165.26,1.811,44.4,2.295,18.6,2.124,L2,38.2,OK
188.82,2.035,43.3,2.265,16.0,2.2,L1,50.6,NG
175.43,2.292,37.2,3.154,11.0,1.569,L1,59.2,OK
182.17,2.218,49.3,3.649,10.3,2.091,L2,44.1,NG
188.73,2.098,36.5,2.279,21.3,2.901,L1,25.5,NG
188.25,2.164,51.7,2.303,16.6,2.43,L1,32.7,NG
191.32,2.112,55.9,2.82,15.0,2.168,L1,40.5,NG
180.62,2.253,48.7,2.428,18.0,1.924,L1,43.0,OK
176.07,2.715,42.1,3.266,22.0,1.942,L2,44.3,OK
180.88,1.302,49.5,1.024,18.9,1.248,L2,48.3,OK
158.38,2.117,41.9,2.021,14.7,2.203,L1,45.2,OK
161.74,2.262,54.4,2.052,24.1,2.438,L2,57.4,OK
163.48,2.304,26.7,0.976,25.9,1.47,L3,41.9,OK
168.04,2.07,41.6,1.925,20.5,1.835,L2,40.2,OK
187.6,1.585,25.1,1.959,22.9,1.637,L3,52.3,OK
169.32,2.315,30.0,2.459,24.2,1.714,L2,34.2,OK
176.71,2.805,58.6,3.379,23.7,2.121,L3,51.5,OK
200.19,1.663,54.0,2.428,21.1,1.266,L1,48.9,NG
177.01,2.502,37.8,1.878,21.0,2.346,L1,46.7,OK
192.33,2.085,30.0,2.56,20.6,2.402,L1,62.3,NG
168.93,2.179,15.4,3.334,12.5,2.0,L2,42.4,OK
179.12,1.831,39.6,1.917,21.5,1.108,L1,66.5,NG
168.7,2.083,69.2,1.963,11.2,1.701,L1,46.0,OK
177.25,2.655,49.3,2.991,14.0,2.593,L2,36.5,OK
193.76,2.404,39.4,2.445,24.5,0.989,L1,48.6,NG
157.82,2.806,49.7,3.053,22.2,1.961,L1,38.3,OK
188.08,2.612,29.4,2.59,25.4,1.628,L1,41.2,NG
185.33,2.354,42.0,3.091,16.6,2.422,L2,51.6,OK
173.68,2.81,46.0,1.875,12.2,1.83,L1,53.0,OK
161.76,2.354,44.1,2.592,16.8,2.262,L1,42.4,OK
183.01,2.49,52.9,2.453,18.5,2.326,L1,56.9,OK
174.59,2.096,48.4,1.749,18.4,2.834,L2,58.4,OK
185.26,2.223,51.7,1.506,23.7,2.019,L3,60.9,NG
182.31,1.956,38.1,3.08,16.2,2.25,L2,52.8,OK
204.42,2.546,54.0,2.354,19.8,1.506,L2,60.3,NG
178.65,1.788,61.3,1.884,13.1,2.576,L3,31.1,OK
167.67,2.474,35.3,2.533,20.3,1.796,L3,45.1,OK
184.51,2.133,36.1,3.39,18.0,1.876,L2,40.2,OK
185.08,2.61,58.4,1.003,14.3,2.091,L3,,NG
201.03,2.463,43.1,1.552,16.8,1.475,L3,42.9,NG
193.69,2.837,59.0,1.954,17.1,2.192,L3,46.5,NG
187.0,2.456,40.6,3.623,16.6,2.487,L2,64.9,NG
202.49,1.65,59.6,2.798,26.9,2.217,L1,46.5,NG
165.36,2.177,46.3,3.137,17.5,1.464,L1,,OK
173.04,1.79,47.6,1.802,16.8,2.05,L2,45.9,OK
169.03,2.019,60.6,1.816,7.5,2.397,L2,48.7,OK
176.54,2.729,41.4,2.913,13.5,1.349,L1,48.1,OK
162.73,2.423,35.6,2.641,16.7,1.67,L2,52.0,OK
190.89,1.955,40.5,2.984,14.6,2.451,L2,58.5,NG
178.89,1.845,49.5,2.469,24.9,2.208,L3,62.8,OK
161.41,2.211,29.3,2.795,17.2,2.265,L1,50.8,OK
167.78,1.774,51.4,2.711,24.4,2.844,L1,53.3,OK
186.39,1.965,39.6,3.144,18.3,2.287,L3,37.6,NG
193.73,2.309,56.5,3.165,18.2,2.363,L3,47.2,NG
209.95,2.604,21.1,1.466,17.6,3.184,L3,56.5,NG
218.0,2.413,37.1,1.027,18.0,2.014,L3,55.8,NG
187.8,1.398,28.1,3.301,26.6,1.781,L3,49.9,NG
168.15,2.307,36.7,3.431,6.4,2.271,L1,56.0,OK
152.15,2.225,47.5,1.886,8.0,2.276,L1,52.4,OK
185.75,2.345,43.2,1.298,15.3,1.889,L1,58.8,OK
170.62,2.766,42.5,2.669,18.1,1.687,L2,50.6,OK
176.18,1.478,43.4,3.252,21.5,3.024,L3,44.8,OK
173.43,1.993,47.0,3.858,20.4,2.231,L1,51.0,OK
180.03,2.407,34.9,2.961,16.1,1.807,L2,22.0,OK
196.92,1.646,52.1,2.34,23.1,2.466,L1,51.4,NG
184.2,2.717,51.6,1.975,23.2,2.056,L1,22.0,NG
179.78,2.329,48.9,2.608,18.9,1.999,L1,32.5,OK
167.5,2.496,50.6,2.391,22.8,2.325,L1,52.1,OK
158.55,2.0,48.0,1.889,19.4,1.583,L3,52.3,OK
175.19,2.485,65.4,4.034,15.2,2.241,L1,37.5,OK
181.25,2.574,44.1,3.85,21.5,2.865,L3,41.6,NG
206.75,2.282,41.9,3.395,18.6,2.286,L2,60.3,NG
183.82,2.282,37.5,1.955,18.0,1.95,L1,43.6,NG
195.76,2.295,34.7,3.199,25.4,1.897,L1,68.2,NG
175.01,1.898,32.6,3.048,6.0,1.936,L3,48.0,OK
165.41,2.148,36.1,2.91,10.9,1.998,L1,51.7,OK
168.49,2.147,44.3,3.475,12.1,1.949,L3,62.6,OK
171.85,2.334,48.3,3.045,16.2,2.467,L1,49.2,OK
211.8,2.55,45.5,3.118,16.7,1.407,L2,39.0,NG
170.5,1.83,37.3,3.046,10.5,2.445,L3,47.0,OK
193.74,2.156,54.0,2.839,13.1,1.948,L1,47.7,NG
169.36,2.719,52.4,1.351,13.7,2.251,L1,35.7,OK
195.04,1.94,43.4,2.659,30.3,1.649,L3,45.7,NG
187.39,1.912,38.5,2.211,27.0,2.631,L1,41.3,NG
179.81,2.271,50.5,1.704,15.9,2.598,L2,56.3,OK
181.43,2.496,46.9,3.777,16.2,2.484,L2,48.3,NG
172.83,2.204,30.5,3.81,12.3,1.494,L1,45.5,OK
188.25,2.665,44.3,3.551,8.5,2.432,L3,47.0,NG
175.63,2.5,47.6,2.779,17.4,2.262,L3,50.0,OK
164.84,2.495,36.0,3.545,13.0,1.458,L1,53.6,OK
164.11,2.394,46.9,2.608,17.6,2.09,L3,39.0,OK
184.42,3.015,30.5,2.742,10.0,2.246,L1,38.6,NG
204.11,2.128,58.4,1.835,14.2,2.322,L1,57.9,NG
184.24,1.499,57.5,2.878,18.7,2.171,L2,44.3,NG
180.34,2.761,42.5,2.642,19.8,2.216,L3,35.2,OK
186.0,2.04,48.6,1.688,20.1,2.689,L1,52.0,NG
200.28,2.238,20.9,2.564,11.4,2.59,L1,52.2,NG
185.07,2.658,33.4,2.544,22.3,0.953,L2,34.2,NG
176.25,1.639,42.1,3.858,14.0,1.973,L3,50.1,OK
197.49,1.762,34.3,3.226,21.2,2.034,L1,54.6,NG
188.0,1.64,52.1,2.608,17.9,1.399,L1,51.4,NG
203.5,1.922,65.0,2.774,11.1,2.138,L2,53.7,NG
184.57,2.354,33.2,2.631,16.4,2.6,L1,35.4,NG
164.86,2.383,36.6,2.458,19.8,1.665,L1,51.0,OK
162.85,2.297,47.4,1.842,21.1,2.235,L1,45.3,OK
205.11,1.706,61.1,2.494,17.3,1.734,L1,43.7,NG
206.13,1.391,32.8,2.078,25.7,1.831,L2,55.8,NG
179.49,2.219,47.5,1.725,23.0,2.691,L3,61.3,OK
176.64,2.035,63.2,2.958,16.7,1.883,L2,64.1,OK
202.46,2.361,28.5,2.874,21.8,2.285,L2,59.8,NG
166.5,2.446,32.2,1.349,27.7,1.352,L3,47.0,OK
169.47,2.248,40.8,2.514,27.8,2.845,L1,51.2,OK
191.01,2.466,39.8,3.297,11.9,2.341,L1,54.9,NG
176.48,2.28,53.1,3.341,13.4,2.027,L3,49.1,OK
181.93,2.386,47.4,3.318,25.4,2.33,L1,49.2,NG
179.71,1.953,27.3,2.627,12.7,1.536,L2,55.4,OK
